{
    "xag sequoia 1280 720 brown 0.3611 rgb": {
        "projection_type": "brown",
        "width": 1280,
        "height": 720,
        "focal_x": 0.39661026510612557,
        "focal_y": 0.39661026510612557,
        "c_x": 0.035645878483473614,
        "c_y": 0.07091620626349668,
        "k1": -0.0246612524341253,
        "k2": 0.0015603495596725038,
        "p1": 0.04381328647264103,
        "p2": 0.0016501062351468015,
        "k3": 0.00020709136434289379
    }
}