{
  "boundary":
  {
    "area": 362.8646441,
    "avg_pt_per_sq_unit": 7.630443856,
    "avg_pt_spacing": 0.6697273988,
    "boundary": "MULTIPOLYGON (((467508.42 5192749.9,467508.92 5192752.5,467507.42 5192753.4,467505.42 5192751.6,467508.42 5192749.9)),((467503.92 5192752.5,467505.92 5192756.0,467505.42 5192756.8,467502.42 5192755.1,467503.92 5192752.5)),((467502.42 5192756.8,467504.42 5192760.3,467503.92 5192761.2,467499.42 5192758.6,467502.42 5192756.8)),((467467.92 5192761.2,467467.92 5192762.9,467463.92 5192764.6,467463.92 5192762.9,467467.92 5192761.2)),((467463.42 5192765.5,467463.42 5192767.2,467460.92 5192768.1,467459.42 5192770.7,467459.42 5192767.2,467463.42 5192765.5)),((467485.92 5192768.1,467484.42 5192770.7,467486.42 5192772.4,467484.92 5192773.3,467482.92 5192769.8,467485.92 5192768.1)),((467497.92 5192771.5,467499.42 5192774.1,467495.42 5192774.1,467495.42 5192772.4,467497.92 5192771.5)),((467490.42 5192772.4,467492.42 5192774.1,467492.42 5192777.6,467489.42 5192779.3,467490.92 5192775.0,467488.92 5192773.3,467490.42 5192772.4)),((467514.42 5192772.4,467517.42 5192774.1,467517.42 5192775.9,467513.42 5192774.1,467514.42 5192772.4)),((467511.42 5192775.9,467513.42 5192777.6,467512.92 5192780.2,467509.92 5192776.7,467511.42 5192775.9)),((467442.42 5192779.3,467445.42 5192781.1,467445.42 5192782.8,467441.42 5192781.1,467442.42 5192779.3)),((467439.42 5192781.1,467441.42 5192782.8,467438.42 5192784.5,467437.92 5192781.9,467439.42 5192781.1)),((467508.42 5192781.1,467511.42 5192782.8,467511.42 5192784.5,467507.42 5192782.8,467508.42 5192781.1)),((467491.92 5192792.3,467491.92 5192795.8,467489.42 5192794.9,467489.42 5192793.2,467491.92 5192792.3)),((467448.42 5192793.2,467448.42 5192794.9,467445.92 5192797.5,467445.92 5192794.1,467448.42 5192793.2)),((467505.42 5192796.7,467506.92 5192799.3,467502.92 5192799.3,467502.92 5192797.5,467505.42 5192796.7)),((467524.92 5192799.3,467524.92 5192802.7,467522.42 5192801.9,467522.42 5192800.1,467524.92 5192799.3)),((467479.92 5192804.5,467479.92 5192806.2,467475.92 5192807.9,467475.92 5192806.2,467479.92 5192804.5)),((467518.92 5192806.2,467518.92 5192807.9,467514.92 5192809.6,467514.92 5192807.9,467518.92 5192806.2)),((467530.92 5192813.1,467533.92 5192814.8,467533.92 5192816.6,467529.92 5192814.8,467530.92 5192813.1)),((467499.42 5192819.2,467499.92 5192823.5,467498.42 5192824.4,467496.42 5192820.9,467499.42 5192819.2)),((467511.42 5192826.1,467514.92 5192828.7,467512.92 5192832.2,467509.92 5192830.4,467513.42 5192829.6,467509.92 5192827.0,467511.42 5192826.1)),((467530.92 5192827.0,467533.92 5192828.7,467533.92 5192830.4,467529.92 5192828.7,467530.92 5192827.0)),((467524.92 5192835.6,467526.92 5192837.4,467526.42 5192840.0,467523.42 5192836.5,467524.92 5192835.6)),((467454.42 5192845.2,467457.42 5192845.2,467457.42 5192848.6,467453.42 5192846.9,467454.42 5192845.2)),((467466.42 5192848.6,467466.42 5192850.4,467462.42 5192852.1,467462.42 5192850.4,467466.42 5192848.6)),((467460.42 5192852.1,467463.42 5192853.8,467463.42 5192855.5,467459.42 5192853.8,467460.42 5192852.1)),((467506.92 5192853.0,467508.92 5192856.4,467508.42 5192857.3,467505.42 5192855.5,467506.92 5192853.0)),((467512.92 5192853.0,467513.42 5192857.3,467511.92 5192858.1,467511.42 5192853.8,467512.92 5192853.0)),((467539.92 5192856.4,467541.92 5192858.1,467538.92 5192859.9,467538.42 5192857.3,467539.92 5192856.4)),((467467.92 5192863.3,467469.92 5192865.1,467466.92 5192866.8,467466.42 5192864.2,467467.92 5192863.3)),((467508.42 5192865.9,467508.92 5192868.5,467505.92 5192870.3,467505.42 5192869.4,467508.42 5192865.9)),((467535.42 5192869.4,467537.42 5192871.1,467536.92 5192873.7,467533.92 5192870.3,467535.42 5192869.4)),((467461.92 5192875.5,467461.92 5192877.2,467459.42 5192879.8,467459.42 5192876.3,467461.92 5192875.5)),((467466.42 5192876.3,467469.42 5192876.3,467469.42 5192879.8,467465.42 5192878.1,467466.42 5192876.3)),((467514.42 5192881.5,467517.42 5192883.3,467517.42 5192885.0,467514.92 5192885.9,467512.92 5192882.4,467514.42 5192881.5)),((467547.42 5192885.0,467549.42 5192886.7,467546.42 5192888.5,467545.92 5192885.9,467547.42 5192885.0)),((467542.92 5192894.5,467543.42 5192897.1,467541.92 5192898.0,467539.92 5192896.3,467542.92 5192894.5)),((467469.42 5192904.0,467471.42 5192905.8,467473.92 5192904.9,467475.42 5192909.2,467472.92 5192910.1,467472.42 5192907.5,467467.92 5192904.9,467469.42 5192904.0)),((467467.92 5192906.6,467467.92 5192910.1,467465.42 5192909.2,467465.42 5192907.5,467467.92 5192906.6)),((467523.42 5192909.2,467525.42 5192911.0,467524.92 5192913.6,467523.42 5192911.0,467520.42 5192911.0,467523.42 5192909.2)),((467536.92 5192913.6,467539.92 5192915.3,467539.92 5192917.0,467535.92 5192915.3,467536.92 5192913.6)),((467556.42 5192916.2,467558.42 5192917.9,467557.92 5192920.5,467554.92 5192917.0,467556.42 5192916.2)),((467550.42 5192923.1,467551.92 5192925.7,467547.92 5192925.7,467547.92 5192924.0,467550.42 5192923.1)),((467473.92 5192930.9,467475.92 5192932.6,467475.42 5192935.2,467472.42 5192931.8,467473.92 5192930.9)),((467530.92 5192936.1,467532.42 5192938.7,467528.42 5192938.7,467528.42 5192937.0,467530.92 5192936.1)),((467538.42 5192938.7,467540.42 5192942.2,467535.92 5192943.0,467536.92 5192939.6,467538.42 5192938.7)))",
    "boundary_json": { "type": "MultiPolygon",